ville,quartier
Casablanca,Aïn Chock
Casablanca,Aïn Sebaâ
Casablanca,Al Azhar Panorama
Casablanca,Al Fida
Casablanca,Annasi
Casablanca,Beauséjour
Casablanca,Belvédère
Casablanca,Bourgogne
Casablanca,Centre Ville
Casablanca,Derb Ghallef
Casablanca,Hay Hassani
Casablanca,Hay Mohammadi
Casablanca,Lissasfa
Casablanca,Maarif
Casablanca,Oulfa
Casablanca,Sidi Bernoussi
Casablanca,Sidi Maarouf
Casablanca,Sidi Moumen
Casablanca,Sidi Othmane
Marrakech,MEDINA
Marrakech,GRAND GUELIZ
Marrakech,DAOUDIAT
Marrakech,HAY  CHARAF
Marrakech,HAY DAR  ESAADA
Marrakech,HAY AL IZDIHAR
Marrakech,HAY AL FADL
Marrakech,SIDI GHANEM AZZOUZIA
Marrakech,TARGA
Marrakech,HAY HASSANI
Marrakech,AÏN ITTI
Marrakech,NAKHIL SUD
Marrakech,SIDI YOUSSEF
Marrakech,LAMHAMID